{"'": 0.3350794122872993, ",": 0.12453880754517034, ".": 0.3387926746710499, "P": 0.28538140760898295, "Y": 0.13544082592090423, "A": 0.6657714859609113, "O": 0.5337681335708367, "E": 1.0, "U": 0.2438784491120051, "I": 0.5764975102262545, ";": 0.18594836529588474, "Q": 0.035215634976688025, "J": 0.026760498349597477, "K": 0.06196833188661738, "X": 0.0923700327915207, "[": 0.07220136885015695, "]": 0.06229608788051124, "F": 0.18708813971009214, "G": 0.18151969497326176, "C": 0.38282097510990476, "R": 0.5320219484748344, "L": 0.38612362702622494, "/": 0.1417203480015259, "=": 0.127965263532632, "D": 0.36978855869516625, "H": 0.23450685030088084, "T": 0.8293287641309547, "N": 0.5388572514859354, "S": 0.5730256466756632, "-": 0.19166112074526995, "B": 0.17272931933871813, "M": 0.23697751847985923, "W": 0.09847782767161098, "V": 0.11549184415207267, "Z": 0.023759427801019344}