{"A": 0.7339449541284404, "B": 0.48623853211009177, "C": 0.5504587155963303, "D": 0.7247706422018348, "E": 0.9724770642201835, "F": 0.5779816513761468, "G": 0.6146788990825688, "H": 0.9174311926605505, "I": 0.908256880733945, "J": 0.6146788990825688, "K": 0.6422018348623854, "L": 0.6330275229357798, "M": 0.7155963302752294, "N": 0.9908256880733946, "O": 1.0, "P": 0.48623853211009177, "Q": 0.7155963302752294, "R": 0.7247706422018348, "S": 0.6146788990825688, "T": 0.6422018348623854, "U": 0.9174311926605505, "V": 0.6146788990825688, "W": 0.5779816513761468, "X": 0.5504587155963303, "Y": 0.7247706422018348, "Z": 0.5779816513761468}