{"A": 0.5913978494623656, "B": 0.5376344086021505, "C": 0.7526881720430108, "D": 0.967741935483871, "E": 0.967741935483871, "F": 0.5591397849462365, "G": 0.9139784946236559, "H": 0.978494623655914, "I": 0.9247311827956989, "J": 0.4731182795698925, "K": 0.6236559139784946, "L": 0.9139784946236559, "M": 0.967741935483871, "N": 0.989247311827957, "O": 0.9354838709677419, "P": 0.5913978494623656, "Q": 0.4838709677419355, "R": 1.0, "S": 0.6989247311827957, "T": 0.9247311827956989, "U": 0.946236559139785, "V": 0.9032258064516129, "W": 0.5913978494623656, "X": 0.4838709677419355, "Y": 0.5913978494623656, "Z": 0.6989247311827957}